Category,Resume
Frontend Developer,HTML CSS JavaScript React natural chair cultural work five dark ability national
Data Analyst,Python Excel SQL Power BI Tableau enough land accept in upon behind result popular
Data Scientist,Python SQL Machine Learning Deep Learning Pandas NumPy air of able find available election teach bit
Cloud Engineer,AWS Docker Kubernetes Linux machine discover control station growth Republican throughout sometimes
Cloud Engineer,AWS Docker Kubernetes Linux beautiful million another create doctor nothing cause administration
ML Engineer,Python Scikit-learn TensorFlow ML budget also cell join analysis work against exactly
Frontend Developer,HTML CSS JavaScript React find suffer red prevent more sea less war
Frontend Developer,HTML CSS JavaScript React impact accept still various fast situation sense whole
Java Developer,Java Spring Boot MySQL Hibernate traditional watch little officer customer return exactly significant
ML Engineer,Python Scikit-learn TensorFlow ML herself tough likely police government education shoulder American
Data Analyst,Python Excel SQL Power BI Tableau art clearly act seven threat feeling medical firm
Cloud Engineer,AWS Docker Kubernetes Linux paper town can protect candidate course anyone race
Data Analyst,Python Excel SQL Power BI Tableau suddenly return cause the someone enough past material
Python Developer,Python Flask Django REST API watch environment world guy response onto probably cup
Web Developer,HTML CSS JavaScript React Bootstrap later remember soldier necessary field yes performance main
Cloud Engineer,AWS Docker Kubernetes Linux watch hotel hour voice audience sing buy hour
Python Developer,Python Flask Django REST API discover event believe senior western alone safe newspaper
Data Analyst,Python Excel SQL Power BI Tableau you west remember middle morning already hundred job
Cloud Engineer,AWS Docker Kubernetes Linux economic detail your space town process cup we
AI Engineer,Python TensorFlow NLP Deep Learning front PM study student often two partner chance
Web Developer,HTML CSS JavaScript React Bootstrap beautiful thus during office participant push live order
Web Developer,HTML CSS JavaScript React Bootstrap note imagine behind partner protect somebody street PM
Data Scientist,Python SQL Machine Learning Deep Learning Pandas NumPy meet drop consumer friend end week lot western
Backend Developer,NodeJS Express MongoDB SQL range once then determine recent four time professor
Java Developer,Java Spring Boot MySQL Hibernate our know much economy cold catch perform above
AI Engineer,Python TensorFlow NLP Deep Learning may agent doctor find high foot special movement
AI Engineer,Python TensorFlow NLP Deep Learning family top again clearly myself score change step
Backend Developer,NodeJS Express MongoDB SQL within bring from green along see choose its
Data Scientist,Python SQL Machine Learning Deep Learning Pandas NumPy perhaps one or responsibility throughout president able onto
ML Engineer,Python Scikit-learn TensorFlow ML amount city sell I of administration into thought
Backend Developer,NodeJS Express MongoDB SQL relationship onto former yet food bring stand ground
Data Analyst,Python Excel SQL Power BI Tableau action level break on be order machine why
Cloud Engineer,AWS Docker Kubernetes Linux less year party just Congress call alone heart
Frontend Developer,HTML CSS JavaScript React fill officer structure here medical television act short
Backend Developer,NodeJS Express MongoDB SQL material perform thousand to exactly finish structure coach
Data Scientist,Python SQL Machine Learning Deep Learning Pandas NumPy order big left tough manage under visit free
AI Engineer,Python TensorFlow NLP Deep Learning necessary admit unit send challenge role feeling return
Frontend Developer,HTML CSS JavaScript React business clear decision at difference box professional reveal
Web Developer,HTML CSS JavaScript React Bootstrap instead bit able government forward specific spend per
Backend Developer,NodeJS Express MongoDB SQL shoulder find top month represent word middle research
Python Developer,Python Flask Django REST API above we be sell day become interview couple
Data Scientist,Python SQL Machine Learning Deep Learning Pandas NumPy establish attack next which expert tell picture partner
Data Scientist,Python SQL Machine Learning Deep Learning Pandas NumPy fill be current research choose state data and
Web Developer,HTML CSS JavaScript React Bootstrap since same few bring her air suddenly interest
Data Scientist,Python SQL Machine Learning Deep Learning Pandas NumPy return physical culture opportunity character everybody high reason
Data Analyst,Python Excel SQL Power BI Tableau cut best author rich remain weight might choice
AI Engineer,Python TensorFlow NLP Deep Learning where should election magazine social nice front mission
Frontend Developer,HTML CSS JavaScript React father explain require job adult soon husband under
Web Developer,HTML CSS JavaScript React Bootstrap six campaign physical side behind international mention live
Frontend Developer,HTML CSS JavaScript React knowledge consider catch try chair everything style have
Data Analyst,Python Excel SQL Power BI Tableau city set miss section professor run parent skin
Cloud Engineer,AWS Docker Kubernetes Linux open such call customer accept doctor meeting evening
Cloud Engineer,AWS Docker Kubernetes Linux administration tree some watch chance mouth owner law
Java Developer,Java Spring Boot MySQL Hibernate man employee read entire learn why represent table
Backend Developer,NodeJS Express MongoDB SQL people chair listen structure become wind sign television
Python Developer,Python Flask Django REST API outside class wife community according head available attention
ML Engineer,Python Scikit-learn TensorFlow ML drive performance agency number under little significant open
Backend Developer,NodeJS Express MongoDB SQL court whether yourself total subject hit debate card
Frontend Developer,HTML CSS JavaScript React thousand lay those no include sea meet design
Web Developer,HTML CSS JavaScript React Bootstrap movie minute add former be site yet threat
Frontend Developer,HTML CSS JavaScript React drive can learn run century especially kind nearly
Data Analyst,Python Excel SQL Power BI Tableau question east policy enjoy discuss attorney another relate
ML Engineer,Python Scikit-learn TensorFlow ML size marriage management final participant teach standard whole
Frontend Developer,HTML CSS JavaScript React use soon follow us property use receive admit
Data Scientist,Python SQL Machine Learning Deep Learning Pandas NumPy success bank middle ability work speak local side
Cloud Engineer,AWS Docker Kubernetes Linux down act memory clearly include very order home
ML Engineer,Python Scikit-learn TensorFlow ML matter enter ever wear doctor best material section
Python Developer,Python Flask Django REST API in president federal fear these attention suggest edge
Python Developer,Python Flask Django REST API popular front population type body have personal political
Java Developer,Java Spring Boot MySQL Hibernate hour book present hear much stay guess around
Backend Developer,NodeJS Express MongoDB SQL certain beyond heart matter stop goal month upon
Cloud Engineer,AWS Docker Kubernetes Linux color discussion she account decade perhaps walk whatever
ML Engineer,Python Scikit-learn TensorFlow ML dark fire matter environment general wait mind body
Data Analyst,Python Excel SQL Power BI Tableau good food fish else ok commercial science Democrat
ML Engineer,Python Scikit-learn TensorFlow ML yet individual here everyone environmental town standard environmental
AI Engineer,Python TensorFlow NLP Deep Learning on thank enough test reason million low check
Java Developer,Java Spring Boot MySQL Hibernate because line boy actually model beautiful put for
Python Developer,Python Flask Django REST API house whether next ever to wish tough clearly
ML Engineer,Python Scikit-learn TensorFlow ML wide by remain note skill part trade key
Java Developer,Java Spring Boot MySQL Hibernate sport detail your south social against able marriage
Java Developer,Java Spring Boot MySQL Hibernate head plant team tree degree such turn consumer
Cloud Engineer,AWS Docker Kubernetes Linux full kind air one skin trip memory others
Java Developer,Java Spring Boot MySQL Hibernate could outside save drug factor remember to trade
Python Developer,Python Flask Django REST API dark policy appear hotel my suggest these everybody
Java Developer,Java Spring Boot MySQL Hibernate and certain drive choose surface relationship board director
Python Developer,Python Flask Django REST API role make toward list three its door year
Java Developer,Java Spring Boot MySQL Hibernate phone enough thing career standard magazine month old
Java Developer,Java Spring Boot MySQL Hibernate officer other board senior science no contain hour
Backend Developer,NodeJS Express MongoDB SQL get not week gas create list one senior
Web Developer,HTML CSS JavaScript React Bootstrap everything spend Republican look bank throw interest hard
Data Scientist,Python SQL Machine Learning Deep Learning Pandas NumPy couple image and raise character budget actually true
Backend Developer,NodeJS Express MongoDB SQL unit member about medical tax work sound outside
Java Developer,Java Spring Boot MySQL Hibernate education area care guess response morning student husband
Frontend Developer,HTML CSS JavaScript React professional throughout usually start wide soon position amount
Java Developer,Java Spring Boot MySQL Hibernate serious morning turn population deal professional know campaign
AI Engineer,Python TensorFlow NLP Deep Learning when pressure store hair administration box adult anyone
Data Scientist,Python SQL Machine Learning Deep Learning Pandas NumPy case which concern article those job start go
Cloud Engineer,AWS Docker Kubernetes Linux my stuff majority section each whole whether read
Data Analyst,Python Excel SQL Power BI Tableau truth force hot few however perform air fine
Cloud Engineer,AWS Docker Kubernetes Linux again go shoulder weight particularly away wall worker
Web Developer,HTML CSS JavaScript React Bootstrap news group adult use table kitchen account still
Data Analyst,Python Excel SQL Power BI Tableau forward here because church Mrs ever give job
Cloud Engineer,AWS Docker Kubernetes Linux plan smile heart growth develop could security issue
AI Engineer,Python TensorFlow NLP Deep Learning writer for number myself you ask start beyond
Web Developer,HTML CSS JavaScript React Bootstrap thousand value citizen second build concern represent relate
ML Engineer,Python Scikit-learn TensorFlow ML building talk lawyer know evening rule eat if
Java Developer,Java Spring Boot MySQL Hibernate make skin commercial on land sure ready show
Data Analyst,Python Excel SQL Power BI Tableau until raise piece generation difficult daughter affect standard
Cloud Engineer,AWS Docker Kubernetes Linux drug idea operation majority year stuff south what
Web Developer,HTML CSS JavaScript React Bootstrap moment child need control enjoy really accept training
Web Developer,HTML CSS JavaScript React Bootstrap chair after lay serious project ago ever economic
Cloud Engineer,AWS Docker Kubernetes Linux budget road federal ground tough reflect rich management
Data Analyst,Python Excel SQL Power BI Tableau technology should sure anything name sing hospital all
Backend Developer,NodeJS Express MongoDB SQL we own rest give agreement hour bank design
Cloud Engineer,AWS Docker Kubernetes Linux your food including beyond often choose sound fine
Java Developer,Java Spring Boot MySQL Hibernate best situation indeed sense floor direction here impact
Frontend Developer,HTML CSS JavaScript React dog ability whether American step opportunity thank morning
Cloud Engineer,AWS Docker Kubernetes Linux officer sport believe law at thousand understand seem
Data Analyst,Python Excel SQL Power BI Tableau data real floor information describe structure become state
Data Scientist,Python SQL Machine Learning Deep Learning Pandas NumPy happy also my tonight officer bag certainly might
Backend Developer,NodeJS Express MongoDB SQL public above until hair table middle instead risk
Cloud Engineer,AWS Docker Kubernetes Linux unit officer none eight describe fish suffer north
Python Developer,Python Flask Django REST API fine include buy field make common particular fear
Cloud Engineer,AWS Docker Kubernetes Linux result particularly very left check take prove local
Java Developer,Java Spring Boot MySQL Hibernate word name lose human where modern much issue
Java Developer,Java Spring Boot MySQL Hibernate thank exactly former become until here positive popular
Frontend Developer,HTML CSS JavaScript React indicate young least drive daughter out recognize quality
Data Analyst,Python Excel SQL Power BI Tableau around seat material start very just significant impact
AI Engineer,Python TensorFlow NLP Deep Learning arrive father ahead bank identify worker character less
Backend Developer,NodeJS Express MongoDB SQL building government available but actually station plant good
Data Scientist,Python SQL Machine Learning Deep Learning Pandas NumPy up staff much whatever operation page happy institution
Python Developer,Python Flask Django REST API general result nice add remember air do bad
ML Engineer,Python Scikit-learn TensorFlow ML term guy now attorney control single word which
ML Engineer,Python Scikit-learn TensorFlow ML tax movie up resource enjoy exactly what receive
Cloud Engineer,AWS Docker Kubernetes Linux available continue make second work ready challenge life
Backend Developer,NodeJS Express MongoDB SQL really painting need true music price my tend
Java Developer,Java Spring Boot MySQL Hibernate wall radio door minute may see improve until
Frontend Developer,HTML CSS JavaScript React food fire machine everything on service customer though
Backend Developer,NodeJS Express MongoDB SQL eat event scene power agreement early light computer
Python Developer,Python Flask Django REST API floor key party wind way offer challenge several
Data Scientist,Python SQL Machine Learning Deep Learning Pandas NumPy deep chair tree most evening budget everything consider
ML Engineer,Python Scikit-learn TensorFlow ML remain main science staff last describe performance support
Web Developer,HTML CSS JavaScript React Bootstrap professor sit fast price shoulder others pattern sign
Java Developer,Java Spring Boot MySQL Hibernate test develop art small nature opportunity appear who
Data Scientist,Python SQL Machine Learning Deep Learning Pandas NumPy million quite case whom into where theory job
Data Analyst,Python Excel SQL Power BI Tableau seven tax production exactly but red energy sometimes
Data Analyst,Python Excel SQL Power BI Tableau prevent draw when force part whatever across brother
Python Developer,Python Flask Django REST API understand production pay guy too various quality floor
AI Engineer,Python TensorFlow NLP Deep Learning always right door realize example dog country soldier
Java Developer,Java Spring Boot MySQL Hibernate within bar employee serious even herself reflect building
Java Developer,Java Spring Boot MySQL Hibernate speak road where commercial establish organization land window
Cloud Engineer,AWS Docker Kubernetes Linux mouth any rise respond our middle view there
Python Developer,Python Flask Django REST API affect from yeah moment free major concern Congress
ML Engineer,Python Scikit-learn TensorFlow ML occur study international day effect nor determine energy
Frontend Developer,HTML CSS JavaScript React return movement instead law here fund probably let
Backend Developer,NodeJS Express MongoDB SQL really star will magazine western large account what
Cloud Engineer,AWS Docker Kubernetes Linux night major name forget medical particularly white exist
Data Scientist,Python SQL Machine Learning Deep Learning Pandas NumPy attack this evidence evidence Congress of south protect
Data Analyst,Python Excel SQL Power BI Tableau life area more partner local eat hear mouth
Backend Developer,NodeJS Express MongoDB SQL put difference stay student drop floor black authority
Web Developer,HTML CSS JavaScript React Bootstrap hard return such ever approach single doctor phone
Java Developer,Java Spring Boot MySQL Hibernate line fact member interesting tree member old help
Python Developer,Python Flask Django REST API senior particularly Congress despite onto get little condition
Backend Developer,NodeJS Express MongoDB SQL news population current level find suffer enough either
Frontend Developer,HTML CSS JavaScript React assume claim effect four find approach sense me
Data Analyst,Python Excel SQL Power BI Tableau security beyond end way member computer total manage
Frontend Developer,HTML CSS JavaScript React recognize floor story foreign owner run figure important
ML Engineer,Python Scikit-learn TensorFlow ML include determine different accept serious indicate quality air
Cloud Engineer,AWS Docker Kubernetes Linux reason executive institution economy tough change middle ground
Java Developer,Java Spring Boot MySQL Hibernate seven own enough church our none somebody whatever
AI Engineer,Python TensorFlow NLP Deep Learning everyone national star discuss many economic fight how
Data Scientist,Python SQL Machine Learning Deep Learning Pandas NumPy stage matter heart officer hotel agreement after clearly
AI Engineer,Python TensorFlow NLP Deep Learning TV significant in leader line building level oil
Python Developer,Python Flask Django REST API letter field early friend stuff wife simple suggest
Backend Developer,NodeJS Express MongoDB SQL bar sister itself consider name cut western decade
Java Developer,Java Spring Boot MySQL Hibernate help table reach other everyone candidate price up
Web Developer,HTML CSS JavaScript React Bootstrap law about institution own cause land age tree
AI Engineer,Python TensorFlow NLP Deep Learning firm prevent expect take sea note minute contain
Data Analyst,Python Excel SQL Power BI Tableau real section indeed set chair of field writer
Data Analyst,Python Excel SQL Power BI Tableau stop base front single decision own return teach
Data Analyst,Python Excel SQL Power BI Tableau low on research official church every statement girl
Java Developer,Java Spring Boot MySQL Hibernate program sometimes take treat modern health training time
Data Analyst,Python Excel SQL Power BI Tableau economy today person natural this evidence friend role
ML Engineer,Python Scikit-learn TensorFlow ML whole author business development central discuss speak fire
AI Engineer,Python TensorFlow NLP Deep Learning finish financial participant nor nothing goal mean pull
Java Developer,Java Spring Boot MySQL Hibernate guess yourself discussion any order reflect week become
Java Developer,Java Spring Boot MySQL Hibernate film none perhaps successful step nice mission man
Cloud Engineer,AWS Docker Kubernetes Linux own project production develop executive bill rise meet
ML Engineer,Python Scikit-learn TensorFlow ML cause could interview even ten condition under site
ML Engineer,Python Scikit-learn TensorFlow ML culture letter media network main population might stand
ML Engineer,Python Scikit-learn TensorFlow ML main movie phone past decision opportunity smile popular
Frontend Developer,HTML CSS JavaScript React mission matter important research responsibility reach court summer
Data Scientist,Python SQL Machine Learning Deep Learning Pandas NumPy beautiful ten large crime country major education family
Backend Developer,NodeJS Express MongoDB SQL local good store sort thank wait stuff professor
Data Scientist,Python SQL Machine Learning Deep Learning Pandas NumPy guess record five class suggest war box represent
Python Developer,Python Flask Django REST API PM good general organization course close key effort
Python Developer,Python Flask Django REST API somebody amount recently half rest give whom force
Python Developer,Python Flask Django REST API cause style change board sport popular standard war
Data Analyst,Python Excel SQL Power BI Tableau themselves challenge stay drive worry performance keep this
Java Developer,Java Spring Boot MySQL Hibernate glass town why rise country major against assume
Cloud Engineer,AWS Docker Kubernetes Linux community really improve score hot husband player focus
Backend Developer,NodeJS Express MongoDB SQL station cover thus discussion rise future though lose
Backend Developer,NodeJS Express MongoDB SQL industry know fly poor worry business Republican general
Web Developer,HTML CSS JavaScript React Bootstrap cause drive arm region arm project report central
Python Developer,Python Flask Django REST API discover than trip investment treat nature apply program
AI Engineer,Python TensorFlow NLP Deep Learning benefit him Republican wrong leader walk this technology
Data Scientist,Python SQL Machine Learning Deep Learning Pandas NumPy business artist kid message who nation force fire
Data Analyst,Python Excel SQL Power BI Tableau walk our trial opportunity subject determine walk remember
Frontend Developer,HTML CSS JavaScript React production large play quality us hot author someone
Java Developer,Java Spring Boot MySQL Hibernate quality candidate do near right movement authority medical
Java Developer,Java Spring Boot MySQL Hibernate available win security herself heart paper surface traditional
Python Developer,Python Flask Django REST API expect back bad ask career explain deal view
Web Developer,HTML CSS JavaScript React Bootstrap reduce hot another accept like back vote push
Backend Developer,NodeJS Express MongoDB SQL in across mention peace particular reduce star myself
ML Engineer,Python Scikit-learn TensorFlow ML town mind social enjoy traditional least community enter
Cloud Engineer,AWS Docker Kubernetes Linux local money data prevent movie dream outside church
Backend Developer,NodeJS Express MongoDB SQL often star name create view nor alone beat
Java Developer,Java Spring Boot MySQL Hibernate big Mr nice company apply day sound action
Java Developer,Java Spring Boot MySQL Hibernate might drop easy together check position politics step
AI Engineer,Python TensorFlow NLP Deep Learning home the heavy east clear door short heavy
AI Engineer,Python TensorFlow NLP Deep Learning drop sister fly student sure kid issue away
Python Developer,Python Flask Django REST API time shoulder range maintain image five hear son
Frontend Developer,HTML CSS JavaScript React best protect break people speak structure state check
AI Engineer,Python TensorFlow NLP Deep Learning fine affect tonight during wait short heart play
Data Analyst,Python Excel SQL Power BI Tableau certainly lay huge time together order kid agree
Backend Developer,NodeJS Express MongoDB SQL establish human teacher political fight cold more evidence
AI Engineer,Python TensorFlow NLP Deep Learning place voice material wide food admit write laugh
Data Analyst,Python Excel SQL Power BI Tableau argue memory clear me professor personal knowledge marriage
Backend Developer,NodeJS Express MongoDB SQL hundred him will glass big cost similar check
Data Scientist,Python SQL Machine Learning Deep Learning Pandas NumPy they agreement get whether whole conference front evening
Web Developer,HTML CSS JavaScript React Bootstrap water strong town serious during scientist where goal
Web Developer,HTML CSS JavaScript React Bootstrap air class radio very action may somebody clearly
Cloud Engineer,AWS Docker Kubernetes Linux standard enough land foreign watch memory week picture
Java Developer,Java Spring Boot MySQL Hibernate we former door coach example look billion walk
AI Engineer,Python TensorFlow NLP Deep Learning heavy child hand occur medical argue admit value
Cloud Engineer,AWS Docker Kubernetes Linux system keep address drop pick bring like few
Cloud Engineer,AWS Docker Kubernetes Linux difference age because under player meeting idea east
Backend Developer,NodeJS Express MongoDB SQL executive same certain whatever before challenge our behind
AI Engineer,Python TensorFlow NLP Deep Learning real ready teacher wish deep whose benefit street
Backend Developer,NodeJS Express MongoDB SQL include game middle collection bad pay price marriage
AI Engineer,Python TensorFlow NLP Deep Learning all enter behavior read miss human special behavior
Cloud Engineer,AWS Docker Kubernetes Linux ball century candidate evening outside us international Democrat
Data Analyst,Python Excel SQL Power BI Tableau full clearly leave feel fine parent old unit
Data Analyst,Python Excel SQL Power BI Tableau say future democratic style budget the admit rock
Data Scientist,Python SQL Machine Learning Deep Learning Pandas NumPy pay nearly owner mention fish south people group
Data Analyst,Python Excel SQL Power BI Tableau over picture appear natural majority election follow mention
Web Developer,HTML CSS JavaScript React Bootstrap morning believe specific food oil lose nothing individual
ML Engineer,Python Scikit-learn TensorFlow ML account together blood mother suffer forget religious security
AI Engineer,Python TensorFlow NLP Deep Learning responsibility person instead fall beautiful edge laugh know
Web Developer,HTML CSS JavaScript React Bootstrap wide executive garden must into affect establish others
ML Engineer,Python Scikit-learn TensorFlow ML matter condition lay relate past next by nearly
AI Engineer,Python TensorFlow NLP Deep Learning ahead wish spend leave establish character within oil
ML Engineer,Python Scikit-learn TensorFlow ML either vote clear shoulder feeling which after establish
Java Developer,Java Spring Boot MySQL Hibernate billion church general draw before available reveal thing
Python Developer,Python Flask Django REST API campaign heart they under simple window lay civil
Backend Developer,NodeJS Express MongoDB SQL energy final mission economic type happen show final
Frontend Developer,HTML CSS JavaScript React under population by key speech city often dinner
Web Developer,HTML CSS JavaScript React Bootstrap provide particular value wonder our of whose personal
Data Analyst,Python Excel SQL Power BI Tableau nice option nature magazine really politics friend race
Cloud Engineer,AWS Docker Kubernetes Linux teacher small north guess century capital sister chance
Data Scientist,Python SQL Machine Learning Deep Learning Pandas NumPy happy prevent identify agreement today grow memory local
Cloud Engineer,AWS Docker Kubernetes Linux dog glass share audience response time some state
Python Developer,Python Flask Django REST API according pretty more out certain effect recently series
Java Developer,Java Spring Boot MySQL Hibernate with bag build former plan become focus simple
ML Engineer,Python Scikit-learn TensorFlow ML eye address support management risk miss everything assume
Data Scientist,Python SQL Machine Learning Deep Learning Pandas NumPy future task money instead need mother method series
Java Developer,Java Spring Boot MySQL Hibernate executive lawyer nice design party material likely finally
Python Developer,Python Flask Django REST API magazine discuss help present ground serious sea physical
ML Engineer,Python Scikit-learn TensorFlow ML then game song site PM technology see interesting
Data Analyst,Python Excel SQL Power BI Tableau term point street language represent store discussion without
Web Developer,HTML CSS JavaScript React Bootstrap defense indeed law amount quickly task well think
Data Scientist,Python SQL Machine Learning Deep Learning Pandas NumPy traditional section else compare hair see improve one
Cloud Engineer,AWS Docker Kubernetes Linux answer few star southern back small trade back
Data Scientist,Python SQL Machine Learning Deep Learning Pandas NumPy real military responsibility today operation either outside usually
Data Analyst,Python Excel SQL Power BI Tableau away everybody check not seven leader example want
AI Engineer,Python TensorFlow NLP Deep Learning agreement side suggest her candidate main hotel trade
ML Engineer,Python Scikit-learn TensorFlow ML listen improve room per certainly couple fund most
Python Developer,Python Flask Django REST API someone note TV star enough top spend everyone
Frontend Developer,HTML CSS JavaScript React draw member ground leave tough let from including
Data Scientist,Python SQL Machine Learning Deep Learning Pandas NumPy loss while game dream produce inside practice front
Backend Developer,NodeJS Express MongoDB SQL language interesting involve wish attack business adult offer
AI Engineer,Python TensorFlow NLP Deep Learning our remain class skill speech how husband team
Backend Developer,NodeJS Express MongoDB SQL scientist low past prevent traditional must movement hand
Data Scientist,Python SQL Machine Learning Deep Learning Pandas NumPy avoid still far figure cause happy him change
ML Engineer,Python Scikit-learn TensorFlow ML risk between career American plan important bed country
Data Analyst,Python Excel SQL Power BI Tableau soon month easy foot together decide question customer
Cloud Engineer,AWS Docker Kubernetes Linux better wide spring test art product theory would
Data Analyst,Python Excel SQL Power BI Tableau must need start game those radio fly TV
Java Developer,Java Spring Boot MySQL Hibernate individual house analysis why ever strong series part
Cloud Engineer,AWS Docker Kubernetes Linux tree partner number cell cup from tree teacher
Cloud Engineer,AWS Docker Kubernetes Linux second office environment market agree owner modern factor
Data Analyst,Python Excel SQL Power BI Tableau practice view big among miss decide low south
Backend Developer,NodeJS Express MongoDB SQL can technology dinner including argue or move property
Python Developer,Python Flask Django REST API heart answer likely inside cause forward member important
ML Engineer,Python Scikit-learn TensorFlow ML boy star production themselves who cost true model
AI Engineer,Python TensorFlow NLP Deep Learning report hard second hope board top rest much
Backend Developer,NodeJS Express MongoDB SQL detail firm clear ahead all any anything painting
ML Engineer,Python Scikit-learn TensorFlow ML nation exactly music to success book under green
Backend Developer,NodeJS Express MongoDB SQL some newspaper artist represent rather economic stop practice
Java Developer,Java Spring Boot MySQL Hibernate step open song pay career health believe control
Data Scientist,Python SQL Machine Learning Deep Learning Pandas NumPy security friend well wrong attention positive charge open
Data Analyst,Python Excel SQL Power BI Tableau onto section thought fine major between thousand number
Cloud Engineer,AWS Docker Kubernetes Linux them down say employee perform it energy law
ML Engineer,Python Scikit-learn TensorFlow ML exist set chance those risk carry set into
Data Scientist,Python SQL Machine Learning Deep Learning Pandas NumPy investment best former great suddenly tell social agree
Java Developer,Java Spring Boot MySQL Hibernate just able such yard camera travel if national
Cloud Engineer,AWS Docker Kubernetes Linux if mean old group agent eat contain raise
Cloud Engineer,AWS Docker Kubernetes Linux service smile early or because value learn role
Data Analyst,Python Excel SQL Power BI Tableau man property film others open their kind question
Python Developer,Python Flask Django REST API yeah popular class however will prepare believe somebody
AI Engineer,Python TensorFlow NLP Deep Learning tree whom forget recognize success wait different reflect
AI Engineer,Python TensorFlow NLP Deep Learning decision throughout store certainly require game instead she
Data Analyst,Python Excel SQL Power BI Tableau participant tax difficult play white professional task in
AI Engineer,Python TensorFlow NLP Deep Learning money newspaper remember difficult indicate left find start
Data Analyst,Python Excel SQL Power BI Tableau woman collection ask seek story someone practice official
Java Developer,Java Spring Boot MySQL Hibernate current born late long economy military agent public
Data Scientist,Python SQL Machine Learning Deep Learning Pandas NumPy clear gun free doctor environment arrive eye imagine
Backend Developer,NodeJS Express MongoDB SQL industry prevent born night southern culture cost line
ML Engineer,Python Scikit-learn TensorFlow ML you far conference either impact tonight clearly white
Web Developer,HTML CSS JavaScript React Bootstrap must approach thought allow skin improve model anyone
Data Scientist,Python SQL Machine Learning Deep Learning Pandas NumPy mouth market most grow determine instead beautiful someone
Java Developer,Java Spring Boot MySQL Hibernate success in clear in course old lead region
Backend Developer,NodeJS Express MongoDB SQL through include miss business generation agency piece Mr
Data Analyst,Python Excel SQL Power BI Tableau they its man detail experience remember soldier ability
Cloud Engineer,AWS Docker Kubernetes Linux thought remember create garden who television policy chance
Web Developer,HTML CSS JavaScript React Bootstrap lose everybody plant yard plant particular owner goal
Web Developer,HTML CSS JavaScript React Bootstrap yeah pull building agency beautiful consumer for another
Data Analyst,Python Excel SQL Power BI Tableau ok marriage police feel behavior they degree arrive
Data Analyst,Python Excel SQL Power BI Tableau mission office class but option later the over
ML Engineer,Python Scikit-learn TensorFlow ML manager bank state occur government throw seat it
Java Developer,Java Spring Boot MySQL Hibernate way less capital almost small stand force case
Data Scientist,Python SQL Machine Learning Deep Learning Pandas NumPy report step kind call everyone anyone wrong close
Frontend Developer,HTML CSS JavaScript React deep trial budget state direction them about continue
ML Engineer,Python Scikit-learn TensorFlow ML edge deal compare letter occur theory sort everybody
Backend Developer,NodeJS Express MongoDB SQL ever offer someone camera analysis draw single why
Data Analyst,Python Excel SQL Power BI Tableau young government community get open call art from
Data Analyst,Python Excel SQL Power BI Tableau official give walk eat just military whether trade
Frontend Developer,HTML CSS JavaScript React create during major back pressure citizen decade another
ML Engineer,Python Scikit-learn TensorFlow ML center how relationship here few investment today Democrat
Cloud Engineer,AWS Docker Kubernetes Linux loss someone really watch account religious century amount
Backend Developer,NodeJS Express MongoDB SQL charge night appear memory talk at indicate free
Cloud Engineer,AWS Docker Kubernetes Linux data feel green usually name family artist similar
Frontend Developer,HTML CSS JavaScript React family long pressure protect after company performance main
Java Developer,Java Spring Boot MySQL Hibernate travel image alone operation cold close administration writer
Python Developer,Python Flask Django REST API rate enough word role adult half mission enough
Web Developer,HTML CSS JavaScript React Bootstrap statement answer crime into myself drug around practice
Web Developer,HTML CSS JavaScript React Bootstrap apply couple care reach return audience protect century
AI Engineer,Python TensorFlow NLP Deep Learning game rich what chance politics anyone reveal trade
Data Analyst,Python Excel SQL Power BI Tableau follow image really society while these early fact
Python Developer,Python Flask Django REST API from thousand food create north measure wrong do
Data Scientist,Python SQL Machine Learning Deep Learning Pandas NumPy figure race Republican most item research audience body
Frontend Developer,HTML CSS JavaScript React song lead citizen major try concern school market
Cloud Engineer,AWS Docker Kubernetes Linux moment professional sign wrong agree audience like want
Data Scientist,Python SQL Machine Learning Deep Learning Pandas NumPy natural us plan industry father according truth score
ML Engineer,Python Scikit-learn TensorFlow ML set off push others number clearly enough political
Web Developer,HTML CSS JavaScript React Bootstrap during decide affect new other bit carry southern
Backend Developer,NodeJS Express MongoDB SQL nature someone ask interest force cost us seem
AI Engineer,Python TensorFlow NLP Deep Learning his picture class mean president fast chair set
Data Analyst,Python Excel SQL Power BI Tableau movie trade hot glass brother the boy brother
AI Engineer,Python TensorFlow NLP Deep Learning green design civil ability type top story rest
Data Scientist,Python SQL Machine Learning Deep Learning Pandas NumPy upon customer rather opportunity necessary both huge individual
Java Developer,Java Spring Boot MySQL Hibernate hot anyone sometimes someone my eight interesting way
Java Developer,Java Spring Boot MySQL Hibernate move glass perhaps character again old baby some
ML Engineer,Python Scikit-learn TensorFlow ML thus present fall task box officer responsibility wonder
Backend Developer,NodeJS Express MongoDB SQL these here fast story Republican find thing single
Data Scientist,Python SQL Machine Learning Deep Learning Pandas NumPy present happy fast green huge describe fund national
Backend Developer,NodeJS Express MongoDB SQL head indeed attack their effort nice carry player
AI Engineer,Python TensorFlow NLP Deep Learning feel impact discuss I maybe authority issue why
Frontend Developer,HTML CSS JavaScript React issue plan former court wall but week college
Data Analyst,Python Excel SQL Power BI Tableau suffer building sure movie subject realize another money
Data Scientist,Python SQL Machine Learning Deep Learning Pandas NumPy authority offer college house provide local near language
Cloud Engineer,AWS Docker Kubernetes Linux interesting edge follow environmental call treatment plan pattern
Cloud Engineer,AWS Docker Kubernetes Linux instead operation page majority whatever job need drive
Data Scientist,Python SQL Machine Learning Deep Learning Pandas NumPy stock middle specific some decade four off your
Frontend Developer,HTML CSS JavaScript React despite third court national three analysis land research
Python Developer,Python Flask Django REST API material body trouble half hard near pretty teach
ML Engineer,Python Scikit-learn TensorFlow ML explain summer join positive manage foot learn part
Web Developer,HTML CSS JavaScript React Bootstrap reveal measure understand again institution word process effect
Frontend Developer,HTML CSS JavaScript React six reality report drop own tree treat we
Web Developer,HTML CSS JavaScript React Bootstrap light event music agreement yes thank treatment soldier
Python Developer,Python Flask Django REST API pretty memory policy window house create southern experience
ML Engineer,Python Scikit-learn TensorFlow ML oil talk billion buy value least there inside
Data Analyst,Python Excel SQL Power BI Tableau change mean read husband left that when media
ML Engineer,Python Scikit-learn TensorFlow ML still change improve film tax property speak modern
Data Analyst,Python Excel SQL Power BI Tableau describe financial through cost name Congress with report
Backend Developer,NodeJS Express MongoDB SQL present animal political draw main page road example
Web Developer,HTML CSS JavaScript React Bootstrap look avoid year might only indicate cause heart
ML Engineer,Python Scikit-learn TensorFlow ML fast others theory cell glass top Congress relate
Frontend Developer,HTML CSS JavaScript React free compare determine structure compare recently avoid kind
Data Scientist,Python SQL Machine Learning Deep Learning Pandas NumPy hair late source your top stage team for
Java Developer,Java Spring Boot MySQL Hibernate four skill save baby goal deep cell short
ML Engineer,Python Scikit-learn TensorFlow ML sort before as push former particularly plant help
Java Developer,Java Spring Boot MySQL Hibernate inside arm her others already month understand house
Python Developer,Python Flask Django REST API they not soldier mind fish audience inside affect
Cloud Engineer,AWS Docker Kubernetes Linux shake position staff star compare just reason attention
Frontend Developer,HTML CSS JavaScript React win avoid member model probably on coach arm
Data Scientist,Python SQL Machine Learning Deep Learning Pandas NumPy water exist production owner require environmental question town
AI Engineer,Python TensorFlow NLP Deep Learning thank more heavy notice room film foot parent
Java Developer,Java Spring Boot MySQL Hibernate help real possible difference government service can game
Data Analyst,Python Excel SQL Power BI Tableau increase ok save discuss discussion pay image us
AI Engineer,Python TensorFlow NLP Deep Learning adult whether low able president catch chair clearly
Backend Developer,NodeJS Express MongoDB SQL much stage teach investment data during least remain
Frontend Developer,HTML CSS JavaScript React serve bill friend stand list out painting information
Cloud Engineer,AWS Docker Kubernetes Linux cover reason after he project area whole media
Data Scientist,Python SQL Machine Learning Deep Learning Pandas NumPy the wife speak oil deep debate answer resource
Backend Developer,NodeJS Express MongoDB SQL onto a close interest idea deep natural better
ML Engineer,Python Scikit-learn TensorFlow ML land note man might pressure condition require most
Web Developer,HTML CSS JavaScript React Bootstrap consumer child opportunity region huge decision be audience
Java Developer,Java Spring Boot MySQL Hibernate better table position artist study yourself guy small
Data Scientist,Python SQL Machine Learning Deep Learning Pandas NumPy energy character experience catch economy once help action
Web Developer,HTML CSS JavaScript React Bootstrap policy role owner market would way fire moment
Backend Developer,NodeJS Express MongoDB SQL push interesting relate religious third edge important place
ML Engineer,Python Scikit-learn TensorFlow ML memory join back raise over education else bit
Python Developer,Python Flask Django REST API language receive mission up current training stock energy
Data Analyst,Python Excel SQL Power BI Tableau husband training north fast feeling south opportunity deep
AI Engineer,Python TensorFlow NLP Deep Learning full couple ground debate across middle month actually
Frontend Developer,HTML CSS JavaScript React finally nation describe win suggest remember we party
Cloud Engineer,AWS Docker Kubernetes Linux it former campaign cultural organization computer anything card
AI Engineer,Python TensorFlow NLP Deep Learning main generation their land back foot end help
Web Developer,HTML CSS JavaScript React Bootstrap woman great west teach thing set economy impact
Web Developer,HTML CSS JavaScript React Bootstrap wish around skin spring generation take may medical
Python Developer,Python Flask Django REST API voice fine learn less food sport the church
Cloud Engineer,AWS Docker Kubernetes Linux away Republican political wind small budget degree create
Backend Developer,NodeJS Express MongoDB SQL money charge too new data meeting skin forget
Cloud Engineer,AWS Docker Kubernetes Linux scientist course perform image expert build worry ago
Frontend Developer,HTML CSS JavaScript React dark physical power theory speech win citizen I
Data Scientist,Python SQL Machine Learning Deep Learning Pandas NumPy issue we maybe thing movement his many once
Cloud Engineer,AWS Docker Kubernetes Linux consider serious truth few add share occur while
Web Developer,HTML CSS JavaScript React Bootstrap out business add to kind close vote act
Frontend Developer,HTML CSS JavaScript React food security collection media order walk serve to
Backend Developer,NodeJS Express MongoDB SQL very pay from information after another nature everything
Web Developer,HTML CSS JavaScript React Bootstrap myself why political middle simply feeling skin floor
Data Analyst,Python Excel SQL Power BI Tableau relate ready partner these trade near tree where
ML Engineer,Python Scikit-learn TensorFlow ML paper respond myself get force tell public almost
Java Developer,Java Spring Boot MySQL Hibernate which knowledge tax mouth center produce treatment still
Frontend Developer,HTML CSS JavaScript React nothing station draw ago yes pretty degree worry
Frontend Developer,HTML CSS JavaScript React piece wish yes voice sound person early always
Data Scientist,Python SQL Machine Learning Deep Learning Pandas NumPy ability someone area culture board course what trip
Java Developer,Java Spring Boot MySQL Hibernate protect religious son south during within foreign test
Web Developer,HTML CSS JavaScript React Bootstrap prevent quality together possible piece interest small group
Java Developer,Java Spring Boot MySQL Hibernate however they fine ground mind single may opportunity
Java Developer,Java Spring Boot MySQL Hibernate or miss really staff green various catch their
Java Developer,Java Spring Boot MySQL Hibernate would fly particularly along somebody green carry debate
Frontend Developer,HTML CSS JavaScript React capital board watch like lose with enter cold
Cloud Engineer,AWS Docker Kubernetes Linux difficult campaign region task south marriage owner current
Data Analyst,Python Excel SQL Power BI Tableau level forget run war inside dark window trouble
Data Analyst,Python Excel SQL Power BI Tableau follow suggest admit opportunity local trip alone somebody
Frontend Developer,HTML CSS JavaScript React level contain day because move talk family every
Cloud Engineer,AWS Docker Kubernetes Linux shoulder important or scene mouth might also anything
AI Engineer,Python TensorFlow NLP Deep Learning message idea interview become area our pretty factor
ML Engineer,Python Scikit-learn TensorFlow ML mean way blood their camera marriage instead follow
AI Engineer,Python TensorFlow NLP Deep Learning reach lot treatment bank believe great happen movement
Java Developer,Java Spring Boot MySQL Hibernate individual evidence blood threat loss exactly security stage
Java Developer,Java Spring Boot MySQL Hibernate prevent Democrat report amount mean condition hotel among
Cloud Engineer,AWS Docker Kubernetes Linux speech responsibility answer hold talk theory direction cold
Frontend Developer,HTML CSS JavaScript React in keep itself artist southern later treatment night
Data Analyst,Python Excel SQL Power BI Tableau create grow life brother drug eat play suffer
Data Analyst,Python Excel SQL Power BI Tableau hold weight close others network everybody even away
Data Analyst,Python Excel SQL Power BI Tableau sell great particular special while join century PM
Java Developer,Java Spring Boot MySQL Hibernate development item bit say across for resource history
ML Engineer,Python Scikit-learn TensorFlow ML very what third administration our man kitchen town
Cloud Engineer,AWS Docker Kubernetes Linux happen sense southern television prove them trouble beyond
Web Developer,HTML CSS JavaScript React Bootstrap last become Mr want stand prevent sometimes probably
Frontend Developer,HTML CSS JavaScript React stuff debate drive make family baby building professional
Frontend Developer,HTML CSS JavaScript React western subject company place artist doctor that plant
AI Engineer,Python TensorFlow NLP Deep Learning environment hospital weight environmental dog news race just
Java Developer,Java Spring Boot MySQL Hibernate but enough position say police suggest response whatever
Data Scientist,Python SQL Machine Learning Deep Learning Pandas NumPy west when teacher girl trial trouble sea air
Data Analyst,Python Excel SQL Power BI Tableau happen eight letter professional resource whose whole agree
Web Developer,HTML CSS JavaScript React Bootstrap skill figure serve party phone minute short matter
ML Engineer,Python Scikit-learn TensorFlow ML past allow meeting adult line character try begin
Python Developer,Python Flask Django REST API past amount now up movement major of everything
Python Developer,Python Flask Django REST API others beyond thus think go recently ball safe
Backend Developer,NodeJS Express MongoDB SQL second drop sister maintain blood skin moment consider
Data Scientist,Python SQL Machine Learning Deep Learning Pandas NumPy this one old sometimes feel become eye approach
Python Developer,Python Flask Django REST API control rule spring decade rate away hot focus
Data Analyst,Python Excel SQL Power BI Tableau bag great two pull true sister soldier game
ML Engineer,Python Scikit-learn TensorFlow ML no sister agreement raise measure certainly picture artist
Data Analyst,Python Excel SQL Power BI Tableau although mean memory would officer laugh follow cultural
Data Scientist,Python SQL Machine Learning Deep Learning Pandas NumPy company walk win hospital half different method market
AI Engineer,Python TensorFlow NLP Deep Learning number list let good group test add site
Java Developer,Java Spring Boot MySQL Hibernate point cup however place rich consumer eye suggest
Backend Developer,NodeJS Express MongoDB SQL nature room least themselves safe win add section
Cloud Engineer,AWS Docker Kubernetes Linux wear kitchen through about owner piece effort prove
Cloud Engineer,AWS Docker Kubernetes Linux company next government sound your former shoulder maintain
ML Engineer,Python Scikit-learn TensorFlow ML mother last free full down lead college fish
Python Developer,Python Flask Django REST API walk situation suggest able another reflect firm third
Cloud Engineer,AWS Docker Kubernetes Linux look magazine hope tend her hit soon never
Java Developer,Java Spring Boot MySQL Hibernate floor military right source theory prove remember decade
ML Engineer,Python Scikit-learn TensorFlow ML add sort billion capital hope imagine energy perform
AI Engineer,Python TensorFlow NLP Deep Learning deal task low he feeling I large myself
Backend Developer,NodeJS Express MongoDB SQL recent push also after back exactly require add
Data Scientist,Python SQL Machine Learning Deep Learning Pandas NumPy alone answer issue or story herself start heavy
Backend Developer,NodeJS Express MongoDB SQL TV view someone read so little short perhaps
Frontend Developer,HTML CSS JavaScript React nice billion practice job green daughter after side
Web Developer,HTML CSS JavaScript React Bootstrap coach choose market process glass everyone shake simple
AI Engineer,Python TensorFlow NLP Deep Learning wall phone within you purpose population local parent
Backend Developer,NodeJS Express MongoDB SQL no under appear line face bag identify dinner
Data Analyst,Python Excel SQL Power BI Tableau small out anyone list chance save without raise
AI Engineer,Python TensorFlow NLP Deep Learning four grow indicate somebody stop job reason prepare
